PYPOWER-API;Recalculated power flow equations;2017-10-02 14:43:46.692297 
PYPOWER-API;Recalculated power flow equations;2017-10-02 14:43:46.780564 
PYPOWER-API;Recalculated power flow equations;2017-10-02 14:43:46.884301 
PYPOWER-API;Recalculated power flow equations;2017-10-02 14:43:46.983903 
PYPOWER-API;Recalculated power flow equations;2017-10-02 14:43:47.083588 
PYPOWER-API;Recalculated power flow equations;2017-10-02 14:43:47.184687 
PYPOWER-API;Recalculated power flow equations;2017-10-02 14:43:47.284480 
PYPOWER-API;Recalculated power flow equations;2017-10-02 14:43:47.387479 
PYPOWER-API;Recalculated power flow equations;2017-10-02 14:43:47.482676 
PYPOWER-API;Recalculated power flow equations;2017-10-02 14:43:47.597865 
PYPOWER-API;Recalculated power flow equations;2017-10-02 14:43:47.685173 
PYPOWER-API;Recalculated power flow equations;2017-10-02 14:43:47.809408 
PYPOWER-API;Recalculated power flow equations;2017-10-02 14:43:47.889960 
PYPOWER-API;Recalculated power flow equations;2017-10-02 14:43:47.984998 
PYPOWER-API;Recalculated power flow equations;2017-10-02 14:43:48.085320 
PYPOWER-API;Recalculated power flow equations;2017-10-02 14:43:48.187779 
PYPOWER-API;Recalculated power flow equations;2017-10-02 14:43:48.284830 
PYPOWER-API;Recalculated power flow equations;2017-10-02 14:43:48.386423 
PYPOWER-API;Recalculated power flow equations;2017-10-02 14:43:48.486982 
PYPOWER-API;Recalculated power flow equations;2017-10-02 14:43:48.586350 
PYPOWER-API;Recalculated power flow equations;2017-10-02 14:43:48.683917 
PYPOWER-API;Recalculated power flow equations;2017-10-02 14:43:48.785550 
PYPOWER-API;Recalculated power flow equations;2017-10-02 14:43:48.886319 
PYPOWER-API;Recalculated power flow equations;2017-10-02 14:43:48.985722 
PYPOWER-API;Recalculated power flow equations;2017-10-02 14:43:49.085506 
PYPOWER-API;Recalculated power flow equations;2017-10-02 14:43:49.187806 
PYPOWER-API;Recalculated power flow equations;2017-10-02 14:43:49.306099 
PYPOWER-API;Recalculated power flow equations;2017-10-02 14:43:49.385618 
PYPOWER-API;Recalculated power flow equations;2017-10-02 14:43:49.484017 
PYPOWER-API;Recalculated power flow equations;2017-10-02 14:43:49.584452 
PYPOWER-API;Recalculated power flow equations;2017-10-02 14:43:49.685784 
PYPOWER-API;Recalculated power flow equations;2017-10-02 14:43:49.785697 
PYPOWER-API;Recalculated power flow equations;2017-10-02 14:43:49.886338 
PYPOWER-API;Recalculated power flow equations;2017-10-02 14:43:49.986246 
PYPOWER-API;Recalculated power flow equations;2017-10-02 14:43:50.086425 
PYPOWER-API;Recalculated power flow equations;2017-10-02 14:43:50.183318 
PYPOWER-API;Recalculated power flow equations;2017-10-02 14:43:50.290527 
PYPOWER-API;Recalculated power flow equations;2017-10-02 14:43:50.385752 
PYPOWER-API;Recalculated power flow equations;2017-10-02 14:43:50.485244 
PYPOWER-API;Recalculated power flow equations;2017-10-02 14:43:50.587504 
PYPOWER-API;Recalculated power flow equations;2017-10-02 14:43:50.686730 
PYPOWER-API;Recalculated power flow equations;2017-10-02 14:43:50.784302 
PYPOWER-API;Recalculated power flow equations;2017-10-02 14:43:50.881689 
PYPOWER-API;Recalculated power flow equations;2017-10-02 14:43:50.983445 
PYPOWER-API;Recalculated power flow equations;2017-10-02 14:43:51.086800 
PYPOWER-API;Recalculated power flow equations;2017-10-02 14:43:51.184172 
PYPOWER-API;Recalculated power flow equations;2017-10-02 14:43:51.284314 
PYPOWER-API;Recalculated power flow equations;2017-10-02 14:43:51.385965 
PYPOWER-API;Recalculated power flow equations;2017-10-02 14:43:51.484041 
PYPOWER-API;Recalculated power flow equations;2017-10-02 14:43:51.583296 
PYPOWER-API;Recalculated power flow equations;2017-10-02 14:43:51.682119 
PYPOWER-API;Recalculated power flow equations;2017-10-02 14:43:51.784669 
PYPOWER-API;Recalculated power flow equations;2017-10-02 14:43:51.884318 
PYPOWER-API;Recalculated power flow equations;2017-10-02 14:43:51.982621 
PYPOWER-API;Recalculated power flow equations;2017-10-02 14:43:52.084463 
PYPOWER-API;Recalculated power flow equations;2017-10-02 14:43:52.184137 
PYPOWER-API;Recalculated power flow equations;2017-10-02 14:43:52.287236 
PYPOWER-API;Recalculated power flow equations;2017-10-02 14:43:52.381428 
PYPOWER-API;Recalculated power flow equations;2017-10-02 14:43:52.486080 
PYPOWER-API;Recalculated power flow equations;2017-10-02 14:43:52.582512 
PYPOWER-API;Recalculated power flow equations;2017-10-02 14:43:52.686300 
PYPOWER-API;Recalculated power flow equations;2017-10-02 14:43:52.785052 
PYPOWER-API;Recalculated power flow equations;2017-10-02 14:43:52.881881 
PYPOWER-API;Recalculated power flow equations;2017-10-02 14:43:52.983862 
PYPOWER-API;Recalculated power flow equations;2017-10-02 14:43:53.082162 
PYPOWER-API;Recalculated power flow equations;2017-10-02 14:43:53.185109 
PYPOWER-API;Recalculated power flow equations;2017-10-02 14:43:53.286727 
PYPOWER-API;Recalculated power flow equations;2017-10-02 14:43:53.384591 
PYPOWER-API;Recalculated power flow equations;2017-10-02 14:43:53.482693 
PYPOWER-API;Recalculated power flow equations;2017-10-02 14:43:53.583404 
PYPOWER-API;Recalculated power flow equations;2017-10-02 14:43:53.685520 
PYPOWER-API;Recalculated power flow equations;2017-10-02 14:43:53.784385 
PYPOWER-API;Recalculated power flow equations;2017-10-02 14:43:53.887317 
PYPOWER-API;Recalculated power flow equations;2017-10-02 14:43:53.985240 
PYPOWER-API;Recalculated power flow equations;2017-10-02 14:43:54.081988 
PYPOWER-API;Recalculated power flow equations;2017-10-02 14:43:54.185713 
PYPOWER-API;Recalculated power flow equations;2017-10-02 14:43:54.284439 
PYPOWER-API;Recalculated power flow equations;2017-10-02 14:43:54.385249 
PYPOWER-API;Recalculated power flow equations;2017-10-02 14:43:54.483691 
PYPOWER-API;Recalculated power flow equations;2017-10-02 14:43:54.588926 
PYPOWER-API;Recalculated power flow equations;2017-10-02 14:43:54.684099 
PYPOWER-API;Recalculated power flow equations;2017-10-02 14:43:54.789554 
PYPOWER-API;Recalculated power flow equations;2017-10-02 14:43:54.888994 
PYPOWER-API;Recalculated power flow equations;2017-10-02 14:43:54.985862 
PYPOWER-API;Recalculated power flow equations;2017-10-02 14:43:55.104158 
PYPOWER-API;Recalculated power flow equations;2017-10-02 14:43:55.197756 
PYPOWER-API;Recalculated power flow equations;2017-10-02 14:43:55.290789 
PYPOWER-API;Recalculated power flow equations;2017-10-02 14:43:55.395581 
PYPOWER-API;Recalculated power flow equations;2017-10-02 14:43:55.519066 
PYPOWER-API;Recalculated power flow equations;2017-10-02 14:43:55.602244 
PYPOWER-API;Recalculated power flow equations;2017-10-02 14:43:55.700591 
PYPOWER-API;Recalculated power flow equations;2017-10-02 14:43:55.802010 
PYPOWER-API;Recalculated power flow equations;2017-10-02 14:43:55.892999 
PYPOWER-API;Recalculated power flow equations;2017-10-02 14:43:55.993850 
PYPOWER-API;Recalculated power flow equations;2017-10-02 14:43:56.086426 
PYPOWER-API;Recalculated power flow equations;2017-10-02 14:43:56.189051 
PYPOWER-API;Recalculated power flow equations;2017-10-02 14:43:56.288110 
PYPOWER-API;Recalculated power flow equations;2017-10-02 14:43:56.388938 
PYPOWER-API;Recalculated power flow equations;2017-10-02 14:43:56.487664 
PYPOWER-API;Recalculated power flow equations;2017-10-02 14:43:56.585652 
PYPOWER-API;Recalculated power flow equations;2017-10-02 14:43:56.686574 
PYPOWER-API;Recalculated power flow equations;2017-10-02 14:43:56.787828 
PYPOWER-API;Recalculated power flow equations;2017-10-02 14:43:56.890361 
PYPOWER-API;Recalculated power flow equations;2017-10-02 14:43:56.987719 
PYPOWER-API;Recalculated power flow equations;2017-10-02 14:43:57.089896 
PYPOWER-API;Recalculated power flow equations;2017-10-02 14:43:57.188182 
PYPOWER-API;Recalculated power flow equations;2017-10-02 14:43:57.290598 
PYPOWER-API;Recalculated power flow equations;2017-10-02 14:43:57.389673 
PYPOWER-API;Recalculated power flow equations;2017-10-02 14:43:57.489460 
PYPOWER-API;Recalculated power flow equations;2017-10-02 14:43:57.583510 
PYPOWER-API;Recalculated power flow equations;2017-10-02 14:43:57.686835 
PYPOWER-API;Recalculated power flow equations;2017-10-02 14:43:57.786269 
PYPOWER-API;Recalculated power flow equations;2017-10-02 14:43:57.887974 
PYPOWER-API;Recalculated power flow equations;2017-10-02 14:43:58.004472 
PYPOWER-API;Recalculated power flow equations;2017-10-02 14:43:58.093921 
PYPOWER-API;Recalculated power flow equations;2017-10-02 14:43:58.186214 
PYPOWER-API;Recalculated power flow equations;2017-10-02 14:43:58.286887 
PYPOWER-API;Recalculated power flow equations;2017-10-02 14:43:58.387118 
PYPOWER-API;Recalculated power flow equations;2017-10-02 14:43:58.485963 
PYPOWER-API;Recalculated power flow equations;2017-10-02 14:43:58.590136 
PYPOWER-API;Recalculated power flow equations;2017-10-02 14:43:58.687520 
PYPOWER-API;Recalculated power flow equations;2017-10-02 14:43:58.787227 
PYPOWER-API;Recalculated power flow equations;2017-10-02 14:43:58.885153 
PYPOWER-API;Recalculated power flow equations;2017-10-02 14:43:58.987574 
PYPOWER-API;Recalculated power flow equations;2017-10-02 14:43:59.086549 
PYPOWER-API;Recalculated power flow equations;2017-10-02 14:43:59.186435 
PYPOWER-API;Recalculated power flow equations;2017-10-02 14:43:59.283127 
PYPOWER-API;Recalculated power flow equations;2017-10-02 14:43:59.383538 
PYPOWER-API;Recalculated power flow equations;2017-10-02 14:43:59.485642 
PYPOWER-API;Recalculated power flow equations;2017-10-02 14:43:59.584373 
PYPOWER-API;Recalculated power flow equations;2017-10-02 14:43:59.684730 
PYPOWER-API;Recalculated power flow equations;2017-10-02 14:43:59.785192 
PYPOWER-API;Recalculated power flow equations;2017-10-02 14:43:59.884958 
PYPOWER-API;Recalculated power flow equations;2017-10-02 14:43:59.985205 
PYPOWER-API;Recalculated power flow equations;2017-10-02 14:44:00.086626 
PYPOWER-API;Recalculated power flow equations;2017-10-02 14:44:00.188130 
PYPOWER-API;Recalculated power flow equations;2017-10-02 14:44:00.285511 
PYPOWER-API;Recalculated power flow equations;2017-10-02 14:44:00.384608 
PYPOWER-API;Recalculated power flow equations;2017-10-02 14:44:00.484292 
PYPOWER-API;Recalculated power flow equations;2017-10-02 14:44:00.584078 
PYPOWER-API;Recalculated power flow equations;2017-10-02 14:44:00.689941 
PYPOWER-API;Recalculated power flow equations;2017-10-02 14:44:00.784724 
PYPOWER-API;Recalculated power flow equations;2017-10-02 14:44:00.883394 
PYPOWER-API;Recalculated power flow equations;2017-10-02 14:44:00.984511 
PYPOWER-API;Recalculated power flow equations;2017-10-02 14:44:01.084205 
PYPOWER-API;Recalculated power flow equations;2017-10-02 14:44:01.183573 
PYPOWER-API;Recalculated power flow equations;2017-10-02 14:44:01.286477 
PYPOWER-API;Recalculated power flow equations;2017-10-02 14:44:01.384965 
PYPOWER-API;Recalculated power flow equations;2017-10-02 14:44:01.481028 
PYPOWER-API;Recalculated power flow equations;2017-10-02 14:44:01.585626 
PYPOWER-API;Recalculated power flow equations;2017-10-02 14:44:01.686078 
PYPOWER-API;Recalculated power flow equations;2017-10-02 14:44:01.784977 
PYPOWER-API;Recalculated power flow equations;2017-10-02 14:44:01.884517 
PYPOWER-API;Recalculated power flow equations;2017-10-02 14:44:01.985723 
PYPOWER-API;Recalculated power flow equations;2017-10-02 14:44:02.083413 
PYPOWER-API;Recalculated power flow equations;2017-10-02 14:44:02.178454 
PYPOWER-API;Recalculated power flow equations;2017-10-02 14:44:02.286360 
PYPOWER-API;Recalculated power flow equations;2017-10-02 14:44:02.383813 
PYPOWER-API;Recalculated power flow equations;2017-10-02 14:44:02.482373 
PYPOWER-API;Recalculated power flow equations;2017-10-02 14:44:02.581973 
PYPOWER-API;Recalculated power flow equations;2017-10-02 14:44:02.682451 
PYPOWER-API;Recalculated power flow equations;2017-10-02 14:44:02.782671 
PYPOWER-API;Recalculated power flow equations;2017-10-02 14:44:02.882012 
PYPOWER-API;Recalculated power flow equations;2017-10-02 14:44:02.982799 
PYPOWER-API;Recalculated power flow equations;2017-10-02 14:44:03.083168 
PYPOWER-API;Recalculated power flow equations;2017-10-02 14:44:03.182962 
PYPOWER-API;Recalculated power flow equations;2017-10-02 14:44:03.282765 
PYPOWER-API;Recalculated power flow equations;2017-10-02 14:44:03.382813 
PYPOWER-API;Recalculated power flow equations;2017-10-02 14:44:03.482657 
PYPOWER-API;Recalculated power flow equations;2017-10-02 14:44:03.584617 
PYPOWER-API;Recalculated power flow equations;2017-10-02 14:44:03.683349 
PYPOWER-API;Recalculated power flow equations;2017-10-02 14:44:03.782740 
PYPOWER-API;Recalculated power flow equations;2017-10-02 14:44:03.884149 
PYPOWER-API;Recalculated power flow equations;2017-10-02 14:44:03.984812 
PYPOWER-API;Recalculated power flow equations;2017-10-02 14:44:04.083322 
PYPOWER-API;Recalculated power flow equations;2017-10-02 14:44:04.184577 
PYPOWER-API;Recalculated power flow equations;2017-10-02 14:44:04.284731 
PYPOWER-API;Recalculated power flow equations;2017-10-02 14:44:04.382567 
PYPOWER-API;Recalculated power flow equations;2017-10-02 14:44:04.484609 
PYPOWER-API;Recalculated power flow equations;2017-10-02 14:44:04.583552 
PYPOWER-API;Recalculated power flow equations;2017-10-02 14:44:04.686310 
PYPOWER-API;Recalculated power flow equations;2017-10-02 14:44:04.784561 
PYPOWER-API;Recalculated power flow equations;2017-10-02 14:44:04.884438 
PYPOWER-API;Recalculated power flow equations;2017-10-02 14:44:04.984343 
PYPOWER-API;Recalculated power flow equations;2017-10-02 14:44:05.084937 
PYPOWER-API;Recalculated power flow equations;2017-10-02 14:44:05.186207 
PYPOWER-API;Recalculated power flow equations;2017-10-02 14:44:05.284385 
PYPOWER-API;Recalculated power flow equations;2017-10-02 14:44:05.383117 
PYPOWER-API;Recalculated power flow equations;2017-10-02 14:44:05.483732 
PYPOWER-API;Recalculated power flow equations;2017-10-02 14:44:05.583624 
PYPOWER-API;Recalculated power flow equations;2017-10-02 14:44:05.686135 
PYPOWER-API;Recalculated power flow equations;2017-10-02 14:44:05.784997 
PYPOWER-API;Recalculated power flow equations;2017-10-02 14:44:05.884703 
PYPOWER-API;Recalculated power flow equations;2017-10-02 14:44:05.984647 
PYPOWER-API;Recalculated power flow equations;2017-10-02 14:44:06.085421 
PYPOWER-API;Recalculated power flow equations;2017-10-02 14:44:06.185556 
PYPOWER-API;Recalculated power flow equations;2017-10-02 14:44:06.287021 
PYPOWER-API;Recalculated power flow equations;2017-10-02 14:44:06.385137 
PYPOWER-API;Recalculated power flow equations;2017-10-02 14:44:06.483639 
PYPOWER-API;Recalculated power flow equations;2017-10-02 14:44:06.586816 
PYPOWER-API;Recalculated power flow equations;2017-10-02 14:44:06.686698 
PYPOWER-API;Recalculated power flow equations;2017-10-02 14:44:06.784220 
PYPOWER-API;Recalculated power flow equations;2017-10-02 14:44:06.885660 
PYPOWER-API;Recalculated power flow equations;2017-10-02 14:44:06.983209 
PYPOWER-API;Recalculated power flow equations;2017-10-02 14:44:07.084488 
PYPOWER-API;Recalculated power flow equations;2017-10-02 14:44:07.185473 
PYPOWER-API;Recalculated power flow equations;2017-10-02 14:44:07.288156 
PYPOWER-API;Recalculated power flow equations;2017-10-02 14:44:07.383993 
PYPOWER-API;Recalculated power flow equations;2017-10-02 14:44:07.486281 
PYPOWER-API;Recalculated power flow equations;2017-10-02 14:44:07.583845 
PYPOWER-API;Recalculated power flow equations;2017-10-02 14:44:07.685639 
PYPOWER-API;Recalculated power flow equations;2017-10-02 14:44:07.785860 
PYPOWER-API;Recalculated power flow equations;2017-10-02 14:44:07.883817 
PYPOWER-API;Recalculated power flow equations;2017-10-02 14:44:07.984012 
PYPOWER-API;Recalculated power flow equations;2017-10-02 14:44:08.084560 
PYPOWER-API;Recalculated power flow equations;2017-10-02 14:44:08.182611 
PYPOWER-API;Recalculated power flow equations;2017-10-02 14:44:08.287050 
PYPOWER-API;Recalculated power flow equations;2017-10-02 14:44:08.386515 
PYPOWER-API;Recalculated power flow equations;2017-10-02 14:44:08.483096 
PYPOWER-API;Recalculated power flow equations;2017-10-02 14:44:08.582419 
PYPOWER-API;Recalculated power flow equations;2017-10-02 14:44:08.683913 
PYPOWER-API;Recalculated power flow equations;2017-10-02 14:44:08.785684 
PYPOWER-API;Recalculated power flow equations;2017-10-02 14:44:08.884916 
PYPOWER-API;Recalculated power flow equations;2017-10-02 14:44:08.986166 
PYPOWER-API;Recalculated power flow equations;2017-10-02 14:44:09.086200 
PYPOWER-API;Recalculated power flow equations;2017-10-02 14:44:09.184249 
PYPOWER-API;Recalculated power flow equations;2017-10-02 14:44:09.284230 
PYPOWER-API;Recalculated power flow equations;2017-10-02 14:44:09.382993 
PYPOWER-API;Recalculated power flow equations;2017-10-02 14:44:09.484596 
PYPOWER-API;Recalculated power flow equations;2017-10-02 14:44:09.585616 
PYPOWER-API;Recalculated power flow equations;2017-10-02 14:44:09.684460 
PYPOWER-API;Recalculated power flow equations;2017-10-02 14:44:09.784144 
PYPOWER-API;Recalculated power flow equations;2017-10-02 14:44:09.883824 
PYPOWER-API;Recalculated power flow equations;2017-10-02 14:44:09.983294 
PYPOWER-API;Recalculated power flow equations;2017-10-02 14:44:10.085782 
PYPOWER-API;Recalculated power flow equations;2017-10-02 14:44:10.184142 
PYPOWER-API;Recalculated power flow equations;2017-10-02 14:44:10.285706 
PYPOWER-API;Recalculated power flow equations;2017-10-02 14:44:10.382606 
PYPOWER-API;Recalculated power flow equations;2017-10-02 14:44:10.483946 
PYPOWER-API;Recalculated power flow equations;2017-10-02 14:44:10.583930 
PYPOWER-API;Recalculated power flow equations;2017-10-02 14:44:10.685333 
PYPOWER-API;Recalculated power flow equations;2017-10-02 14:44:10.784734 
PYPOWER-API;Recalculated power flow equations;2017-10-02 14:44:10.885527 
PYPOWER-API;Recalculated power flow equations;2017-10-02 14:44:10.983916 
PYPOWER-API;Recalculated power flow equations;2017-10-02 14:44:11.083413 
PYPOWER-API;Recalculated power flow equations;2017-10-02 14:44:11.183985 
PYPOWER-API;Recalculated power flow equations;2017-10-02 14:44:11.288312 
PYPOWER-API;Recalculated power flow equations;2017-10-02 14:44:11.385399 
PYPOWER-API;Recalculated power flow equations;2017-10-02 14:44:11.485007 
PYPOWER-API;Recalculated power flow equations;2017-10-02 14:44:11.583247 
PYPOWER-API;Recalculated power flow equations;2017-10-02 14:44:11.683238 
PYPOWER-API;Recalculated power flow equations;2017-10-02 14:44:11.783963 
PYPOWER-API;Recalculated power flow equations;2017-10-02 14:44:11.884734 
PYPOWER-API;Recalculated power flow equations;2017-10-02 14:44:11.985250 
PYPOWER-API;Recalculated power flow equations;2017-10-02 14:44:12.084291 
PYPOWER-API;Recalculated power flow equations;2017-10-02 14:44:12.185543 
PYPOWER-API;Recalculated power flow equations;2017-10-02 14:44:12.292224 
PYPOWER-API;Recalculated power flow equations;2017-10-02 14:44:12.383394 
PYPOWER-API;Recalculated power flow equations;2017-10-02 14:44:12.482416 
PYPOWER-API;Recalculated power flow equations;2017-10-02 14:44:12.583917 
PYPOWER-API;Recalculated power flow equations;2017-10-02 14:44:12.684219 
PYPOWER-API;Recalculated power flow equations;2017-10-02 14:44:12.781866 
PYPOWER-API;Recalculated power flow equations;2017-10-02 14:44:12.883047 
PYPOWER-API;Recalculated power flow equations;2017-10-02 14:44:12.982935 
PYPOWER-API;Recalculated power flow equations;2017-10-02 14:44:13.082548 
PYPOWER-API;Recalculated power flow equations;2017-10-02 14:44:13.181073 
PYPOWER-API;Recalculated power flow equations;2017-10-02 14:44:13.283985 
PYPOWER-API;Recalculated power flow equations;2017-10-02 14:44:13.384505 
PYPOWER-API;Recalculated power flow equations;2017-10-02 14:44:13.483565 
PYPOWER-API;Recalculated power flow equations;2017-10-02 14:44:13.584173 
PYPOWER-API;Recalculated power flow equations;2017-10-02 14:44:13.683820 
PYPOWER-API;Recalculated power flow equations;2017-10-02 14:44:13.784942 
PYPOWER-API;Recalculated power flow equations;2017-10-02 14:44:13.882689 
PYPOWER-API;Recalculated power flow equations;2017-10-02 14:44:13.984451 
PYPOWER-API;Recalculated power flow equations;2017-10-02 14:44:14.084398 
PYPOWER-API;Recalculated power flow equations;2017-10-02 14:44:14.184050 
PYPOWER-API;Recalculated power flow equations;2017-10-02 14:44:14.283571 
PYPOWER-API;Recalculated power flow equations;2017-10-02 14:44:14.384463 
PYPOWER-API;Recalculated power flow equations;2017-10-02 14:44:14.485333 
PYPOWER-API;Recalculated power flow equations;2017-10-02 14:44:14.585346 
PYPOWER-API;Recalculated power flow equations;2017-10-02 14:44:14.684629 
PYPOWER-API;Recalculated power flow equations;2017-10-02 14:44:14.786540 
PYPOWER-API;Recalculated power flow equations;2017-10-02 14:44:14.884608 
PYPOWER-API;Recalculated power flow equations;2017-10-02 14:44:14.986011 
PYPOWER-API;Recalculated power flow equations;2017-10-02 14:44:15.084361 
PYPOWER-API;Recalculated power flow equations;2017-10-02 14:44:15.185361 
PYPOWER-API;Recalculated power flow equations;2017-10-02 14:44:15.284159 
PYPOWER-API;Recalculated power flow equations;2017-10-02 14:44:15.383582 
PYPOWER-API;Recalculated power flow equations;2017-10-02 14:44:15.484185 
PYPOWER-API;Recalculated power flow equations;2017-10-02 14:44:15.584187 
PYPOWER-API;Recalculated power flow equations;2017-10-02 14:44:15.684923 
PYPOWER-API;Recalculated power flow equations;2017-10-02 14:44:15.783234 
PYPOWER-API;Recalculated power flow equations;2017-10-02 14:44:15.885243 
PYPOWER-API;Recalculated power flow equations;2017-10-02 14:44:15.984714 
PYPOWER-API;Recalculated power flow equations;2017-10-02 14:44:16.083575 
PYPOWER-API;Recalculated power flow equations;2017-10-02 14:44:16.185096 
PYPOWER-API;Recalculated power flow equations;2017-10-02 14:44:16.287145 
PYPOWER-API;Recalculated power flow equations;2017-10-02 14:44:16.385401 
PYPOWER-API;Recalculated power flow equations;2017-10-02 14:44:16.484833 
PYPOWER-API;Recalculated power flow equations;2017-10-02 14:44:16.583121 
PYPOWER-API;Recalculated power flow equations;2017-10-02 14:44:16.685996 
PYPOWER-API;Recalculated power flow equations;2017-10-02 14:44:16.782926 
PYPOWER-API;Recalculated power flow equations;2017-10-02 14:44:16.884387 
PYPOWER-API;Recalculated power flow equations;2017-10-02 14:44:16.984274 
PYPOWER-API;Recalculated power flow equations;2017-10-02 14:44:17.086732 
PYPOWER-API;Recalculated power flow equations;2017-10-02 14:44:17.183907 
PYPOWER-API;Recalculated power flow equations;2017-10-02 14:44:17.290226 
PYPOWER-API;Recalculated power flow equations;2017-10-02 14:44:17.384717 
PYPOWER-API;Recalculated power flow equations;2017-10-02 14:44:17.486077 
PYPOWER-API;Recalculated power flow equations;2017-10-02 14:44:17.585694 
PYPOWER-API;Recalculated power flow equations;2017-10-02 14:44:17.686465 
PYPOWER-API;Recalculated power flow equations;2017-10-02 14:44:17.786424 
PYPOWER-API;Recalculated power flow equations;2017-10-02 14:44:17.883902 
PYPOWER-API;Recalculated power flow equations;2017-10-02 14:44:17.986619 
PYPOWER-API;Recalculated power flow equations;2017-10-02 14:44:18.087040 
PYPOWER-API;Recalculated power flow equations;2017-10-02 14:44:18.185069 
PYPOWER-API;Recalculated power flow equations;2017-10-02 14:44:18.285916 
PYPOWER-API;Recalculated power flow equations;2017-10-02 14:44:18.385327 
PYPOWER-API;Recalculated power flow equations;2017-10-02 14:44:18.483881 
PYPOWER-API;Recalculated power flow equations;2017-10-02 14:44:18.584920 
PYPOWER-API;Recalculated power flow equations;2017-10-02 14:44:18.684685 
PYPOWER-API;Recalculated power flow equations;2017-10-02 14:44:18.785505 
PYPOWER-API;Recalculated power flow equations;2017-10-02 14:44:18.886110 
PYPOWER-API;Recalculated power flow equations;2017-10-02 14:44:18.989075 
PYPOWER-API;Recalculated power flow equations;2017-10-02 14:44:19.083360 
PYPOWER-API;Recalculated power flow equations;2017-10-02 14:44:19.190315 
PYPOWER-API;Recalculated power flow equations;2017-10-02 14:44:19.284855 
PYPOWER-API;Recalculated power flow equations;2017-10-02 14:44:19.385577 
PYPOWER-API;Recalculated power flow equations;2017-10-02 14:44:19.487554 
PYPOWER-API;Recalculated power flow equations;2017-10-02 14:44:19.585839 
PYPOWER-API;Recalculated power flow equations;2017-10-02 14:44:19.685358 
PYPOWER-API;Recalculated power flow equations;2017-10-02 14:44:19.784416 
PYPOWER-API;Recalculated power flow equations;2017-10-02 14:44:19.884504 
PYPOWER-API;Recalculated power flow equations;2017-10-02 14:44:19.983435 
PYPOWER-API;Recalculated power flow equations;2017-10-02 14:44:20.086174 
PYPOWER-API;Recalculated power flow equations;2017-10-02 14:44:20.185655 
PYPOWER-API;Recalculated power flow equations;2017-10-02 14:44:20.283673 
PYPOWER-API;Recalculated power flow equations;2017-10-02 14:44:20.386042 
PYPOWER-API;Recalculated power flow equations;2017-10-02 14:44:20.482203 
PYPOWER-API;Recalculated power flow equations;2017-10-02 14:44:20.589421 
PYPOWER-API;Recalculated power flow equations;2017-10-02 14:44:20.683953 
PYPOWER-API;Recalculated power flow equations;2017-10-02 14:44:20.787237 
PYPOWER-API;Recalculated power flow equations;2017-10-02 14:44:20.883843 
PYPOWER-API;Recalculated power flow equations;2017-10-02 14:44:20.984220 
PYPOWER-API;Recalculated power flow equations;2017-10-02 14:44:21.085734 
PYPOWER-API;Recalculated power flow equations;2017-10-02 14:44:21.187491 
PYPOWER-API;Recalculated power flow equations;2017-10-02 14:44:21.284228 
PYPOWER-API;Recalculated power flow equations;2017-10-02 14:44:21.384646 
PYPOWER-API;Recalculated power flow equations;2017-10-02 14:44:21.483079 
PYPOWER-API;Recalculated power flow equations;2017-10-02 14:44:21.584724 
PYPOWER-API;Recalculated power flow equations;2017-10-02 14:44:21.684414 
PYPOWER-API;Recalculated power flow equations;2017-10-02 14:44:21.784283 
PYPOWER-API;Recalculated power flow equations;2017-10-02 14:44:21.884520 
PYPOWER-API;Recalculated power flow equations;2017-10-02 14:44:21.986988 
PYPOWER-API;Recalculated power flow equations;2017-10-02 14:44:22.084622 
PYPOWER-API;Recalculated power flow equations;2017-10-02 14:44:22.183750 
PYPOWER-API;Recalculated power flow equations;2017-10-02 14:44:22.283841 
PYPOWER-API;Recalculated power flow equations;2017-10-02 14:44:22.382685 
PYPOWER-API;Recalculated power flow equations;2017-10-02 14:44:22.483510 
PYPOWER-API;Recalculated power flow equations;2017-10-02 14:44:22.585349 
PYPOWER-API;Recalculated power flow equations;2017-10-02 14:44:22.684665 
PYPOWER-API;Recalculated power flow equations;2017-10-02 14:44:22.784010 
PYPOWER-API;Recalculated power flow equations;2017-10-02 14:44:22.884587 
PYPOWER-API;Recalculated power flow equations;2017-10-02 14:44:22.982880 
PYPOWER-API;Recalculated power flow equations;2017-10-02 14:44:23.082850 
PYPOWER-API;Recalculated power flow equations;2017-10-02 14:44:23.184101 
PYPOWER-API;Recalculated power flow equations;2017-10-02 14:44:23.283988 
PYPOWER-API;Recalculated power flow equations;2017-10-02 14:44:23.384373 
PYPOWER-API;Recalculated power flow equations;2017-10-02 14:44:23.483749 
PYPOWER-API;Recalculated power flow equations;2017-10-02 14:44:23.582390 
PYPOWER-API;Recalculated power flow equations;2017-10-02 14:44:23.684032 
PYPOWER-API;Recalculated power flow equations;2017-10-02 14:44:23.785401 
PYPOWER-API;Recalculated power flow equations;2017-10-02 14:44:23.884811 
PYPOWER-API;Recalculated power flow equations;2017-10-02 14:44:23.984420 
PYPOWER-API;Recalculated power flow equations;2017-10-02 14:44:24.084619 
PYPOWER-API;Recalculated power flow equations;2017-10-02 14:44:24.185022 
PYPOWER-API;Recalculated power flow equations;2017-10-02 14:44:24.284759 
PYPOWER-API;Recalculated power flow equations;2017-10-02 14:44:24.384274 
PYPOWER-API;Recalculated power flow equations;2017-10-02 14:44:24.484859 
PYPOWER-API;Recalculated power flow equations;2017-10-02 14:44:24.584600 
PYPOWER-API;Recalculated power flow equations;2017-10-02 14:44:24.685228 
PYPOWER-API;Recalculated power flow equations;2017-10-02 14:44:24.784128 
PYPOWER-API;Recalculated power flow equations;2017-10-02 14:44:24.883034 
PYPOWER-API;Recalculated power flow equations;2017-10-02 14:44:24.984285 
PYPOWER-API;Recalculated power flow equations;2017-10-02 14:44:25.085594 
PYPOWER-API;Recalculated power flow equations;2017-10-02 14:44:25.184991 
PYPOWER-API;Recalculated power flow equations;2017-10-02 14:44:25.285749 
PYPOWER-API;Recalculated power flow equations;2017-10-02 14:44:25.385635 
PYPOWER-API;Recalculated power flow equations;2017-10-02 14:44:25.485904 
PYPOWER-API;Recalculated power flow equations;2017-10-02 14:44:25.586190 
PYPOWER-API;Recalculated power flow equations;2017-10-02 14:44:25.688463 
PYPOWER-API;Recalculated power flow equations;2017-10-02 14:44:25.788332 
PYPOWER-API;Recalculated power flow equations;2017-10-02 14:44:25.887338 
PYPOWER-API;Recalculated power flow equations;2017-10-02 14:44:25.981110 
PYPOWER-API;Recalculated power flow equations;2017-10-02 14:44:26.086309 
PYPOWER-API;Recalculated power flow equations;2017-10-02 14:44:26.184997 
PYPOWER-API;Recalculated power flow equations;2017-10-02 14:44:26.292398 
PYPOWER-API;Recalculated power flow equations;2017-10-02 14:44:26.389048 
PYPOWER-API;Recalculated power flow equations;2017-10-02 14:44:26.485943 
PYPOWER-API;Recalculated power flow equations;2017-10-02 14:44:26.586018 
PYPOWER-API;Recalculated power flow equations;2017-10-02 14:44:26.683141 
PYPOWER-API;Recalculated power flow equations;2017-10-02 14:44:26.786475 
PYPOWER-API;Recalculated power flow equations;2017-10-02 14:44:26.888211 
PYPOWER-API;Recalculated power flow equations;2017-10-02 14:44:26.988490 
PYPOWER-API;Recalculated power flow equations;2017-10-02 14:44:27.086072 
PYPOWER-API;Recalculated power flow equations;2017-10-02 14:44:27.185853 
PYPOWER-API;Recalculated power flow equations;2017-10-02 14:44:27.283616 
RTU-API;Pass the commands to TOPOLOGY;2017-10-02 14:44:27.291963
PYPOWER-API;Recalculated power flow equations;2017-10-02 14:44:27.386840 
TOPOLOGY-API;change of switchstates.... refreshing the topology;2017-10-02 14:44:27.389058
TOPOLOGY-API;Sending new topology to PYPOWER;2017-10-02 14:44:27.392060
PYPOWER-API;New topology received...;2017-10-02 14:44:27.471783
PYPOWER-API;Recalculated power flow equations;2017-10-02 14:44:27.486719 
PYPOWER-API;Recalculated power flow equations;2017-10-02 14:44:27.585830 
PYPOWER-API;Recalculated power flow equations;2017-10-02 14:44:27.686121 
PYPOWER-API;Recalculated power flow equations;2017-10-02 14:44:27.793093 
PYPOWER-API;Recalculated power flow equations;2017-10-02 14:44:27.887303 
PYPOWER-API;Recalculated power flow equations;2017-10-02 14:44:27.984068 
PYPOWER-API;Recalculated power flow equations;2017-10-02 14:44:28.087630 
PYPOWER-API;Recalculated power flow equations;2017-10-02 14:44:28.184528 
PYPOWER-API;Recalculated power flow equations;2017-10-02 14:44:28.286950 
PYPOWER-API;Recalculated power flow equations;2017-10-02 14:44:28.385772 
PYPOWER-API;Recalculated power flow equations;2017-10-02 14:44:28.484432 
PYPOWER-API;Recalculated power flow equations;2017-10-02 14:44:28.583879 
PYPOWER-API;Recalculated power flow equations;2017-10-02 14:44:28.687819 
PYPOWER-API;Recalculated power flow equations;2017-10-02 14:44:28.784193 
PYPOWER-API;Recalculated power flow equations;2017-10-02 14:44:28.886157 
PYPOWER-API;Recalculated power flow equations;2017-10-02 14:44:28.986869 
PYPOWER-API;Recalculated power flow equations;2017-10-02 14:44:29.087243 
PYPOWER-API;Recalculated power flow equations;2017-10-02 14:44:29.184181 
PYPOWER-API;Recalculated power flow equations;2017-10-02 14:44:29.286467 
PYPOWER-API;Recalculated power flow equations;2017-10-02 14:44:29.383916 
PYPOWER-API;Recalculated power flow equations;2017-10-02 14:44:29.486642 
PYPOWER-API;Recalculated power flow equations;2017-10-02 14:44:29.587271 
PYPOWER-API;Recalculated power flow equations;2017-10-02 14:44:29.685664 
PYPOWER-API;Recalculated power flow equations;2017-10-02 14:44:29.784424 
PYPOWER-API;Recalculated power flow equations;2017-10-02 14:44:29.883477 
PYPOWER-API;Recalculated power flow equations;2017-10-02 14:44:29.986671 
PYPOWER-API;Recalculated power flow equations;2017-10-02 14:44:30.084378 
PYPOWER-API;Recalculated power flow equations;2017-10-02 14:44:30.187181 
PYPOWER-API;Recalculated power flow equations;2017-10-02 14:44:30.284613 
RTU-API;Pass the commands to TOPOLOGY;2017-10-02 14:44:30.288725
PYPOWER-API;Recalculated power flow equations;2017-10-02 14:44:30.384942 
TOPOLOGY-API;change of switchstates.... refreshing the topology;2017-10-02 14:44:30.388308
TOPOLOGY-API;Sending new topology to PYPOWER;2017-10-02 14:44:30.390594
PYPOWER-API;New topology received...;2017-10-02 14:44:30.472429
PYPOWER-API;Recalculated power flow equations;2017-10-02 14:44:30.485098 
PYPOWER-API;Recalculated power flow equations;2017-10-02 14:44:30.587725 
PYPOWER-API;Recalculated power flow equations;2017-10-02 14:44:30.683926 
PYPOWER-API;Recalculated power flow equations;2017-10-02 14:44:30.786275 
PYPOWER-API;Recalculated power flow equations;2017-10-02 14:44:30.885272 
PYPOWER-API;Recalculated power flow equations;2017-10-02 14:44:30.984702 
PYPOWER-API;Recalculated power flow equations;2017-10-02 14:44:31.086181 
PYPOWER-API;Recalculated power flow equations;2017-10-02 14:44:31.185140 
PYPOWER-API;Recalculated power flow equations;2017-10-02 14:44:31.287174 
PYPOWER-API;Recalculated power flow equations;2017-10-02 14:44:31.386082 
PYPOWER-API;Recalculated power flow equations;2017-10-02 14:44:31.486534 
PYPOWER-API;Recalculated power flow equations;2017-10-02 14:44:31.583713 
PYPOWER-API;Recalculated power flow equations;2017-10-02 14:44:31.687128 
PYPOWER-API;Recalculated power flow equations;2017-10-02 14:44:31.782985 
PYPOWER-API;Recalculated power flow equations;2017-10-02 14:44:31.884311 
PYPOWER-API;Recalculated power flow equations;2017-10-02 14:44:31.984683 
PYPOWER-API;Recalculated power flow equations;2017-10-02 14:44:32.088387 
PYPOWER-API;Recalculated power flow equations;2017-10-02 14:44:32.185174 
PYPOWER-API;Recalculated power flow equations;2017-10-02 14:44:32.284607 
PYPOWER-API;Recalculated power flow equations;2017-10-02 14:44:32.384844 
PYPOWER-API;Recalculated power flow equations;2017-10-02 14:44:32.483110 
PYPOWER-API;Recalculated power flow equations;2017-10-02 14:44:32.583335 
PYPOWER-API;Recalculated power flow equations;2017-10-02 14:44:32.684588 
PYPOWER-API;Recalculated power flow equations;2017-10-02 14:44:32.785401 
PYPOWER-API;Recalculated power flow equations;2017-10-02 14:44:32.883267 
PYPOWER-API;Recalculated power flow equations;2017-10-02 14:44:32.983209 
PYPOWER-API;Recalculated power flow equations;2017-10-02 14:44:33.083666 
PYPOWER-API;Recalculated power flow equations;2017-10-02 14:44:33.185796 
PYPOWER-API;Recalculated power flow equations;2017-10-02 14:44:33.283536 
RTU-API;Pass the commands to TOPOLOGY;2017-10-02 14:44:33.289118
PYPOWER-API;Recalculated power flow equations;2017-10-02 14:44:33.386665 
TOPOLOGY-API;change of switchstates.... refreshing the topology;2017-10-02 14:44:33.390825
TOPOLOGY-API;Sending new topology to PYPOWER;2017-10-02 14:44:33.394528
PYPOWER-API;New topology received...;2017-10-02 14:44:33.473739
PYPOWER-API;Recalculated power flow equations;2017-10-02 14:44:33.485956 
PYPOWER-API;Recalculated power flow equations;2017-10-02 14:44:33.583329 
PYPOWER-API;Recalculated power flow equations;2017-10-02 14:44:33.684565 
PYPOWER-API;Recalculated power flow equations;2017-10-02 14:44:33.783925 
PYPOWER-API;Recalculated power flow equations;2017-10-02 14:44:33.884171 
PYPOWER-API;Recalculated power flow equations;2017-10-02 14:44:33.987633 
PYPOWER-API;Recalculated power flow equations;2017-10-02 14:44:34.084345 
PYPOWER-API;Recalculated power flow equations;2017-10-02 14:44:34.184248 
PYPOWER-API;Recalculated power flow equations;2017-10-02 14:44:34.285810 
PYPOWER-API;Recalculated power flow equations;2017-10-02 14:44:34.383779 
PYPOWER-API;Recalculated power flow equations;2017-10-02 14:44:34.483893 
PYPOWER-API;Recalculated power flow equations;2017-10-02 14:44:34.586654 
PYPOWER-API;Recalculated power flow equations;2017-10-02 14:44:34.685589 
PYPOWER-API;Recalculated power flow equations;2017-10-02 14:44:34.785131 
PYPOWER-API;Recalculated power flow equations;2017-10-02 14:44:34.884017 
PYPOWER-API;Recalculated power flow equations;2017-10-02 14:44:34.983999 
PYPOWER-API;Recalculated power flow equations;2017-10-02 14:44:35.085721 
PYPOWER-API;Recalculated power flow equations;2017-10-02 14:44:35.188685 
PYPOWER-API;Recalculated power flow equations;2017-10-02 14:44:35.287185 
PYPOWER-API;Recalculated power flow equations;2017-10-02 14:44:35.386687 
PYPOWER-API;Recalculated power flow equations;2017-10-02 14:44:35.484542 
PYPOWER-API;Recalculated power flow equations;2017-10-02 14:44:35.585552 
PYPOWER-API;Recalculated power flow equations;2017-10-02 14:44:35.684757 
PYPOWER-API;Recalculated power flow equations;2017-10-02 14:44:35.787275 
PYPOWER-API;Recalculated power flow equations;2017-10-02 14:44:35.885261 
PYPOWER-API;Recalculated power flow equations;2017-10-02 14:44:35.984461 
PYPOWER-API;Recalculated power flow equations;2017-10-02 14:44:36.084624 
PYPOWER-API;Recalculated power flow equations;2017-10-02 14:44:36.184784 
PYPOWER-API;Recalculated power flow equations;2017-10-02 14:44:36.285882 
PYPOWER-API;Recalculated power flow equations;2017-10-02 14:44:36.387019 
PYPOWER-API;Recalculated power flow equations;2017-10-02 14:44:36.485029 
PYPOWER-API;Recalculated power flow equations;2017-10-02 14:44:36.583885 
PYPOWER-API;Recalculated power flow equations;2017-10-02 14:44:36.685902 
PYPOWER-API;Recalculated power flow equations;2017-10-02 14:44:36.785154 
PYPOWER-API;Recalculated power flow equations;2017-10-02 14:44:36.886685 
PYPOWER-API;Recalculated power flow equations;2017-10-02 14:44:36.985705 
PYPOWER-API;Recalculated power flow equations;2017-10-02 14:44:37.086741 
PYPOWER-API;Recalculated power flow equations;2017-10-02 14:44:37.185707 
PYPOWER-API;Recalculated power flow equations;2017-10-02 14:44:37.285281 
PYPOWER-API;Recalculated power flow equations;2017-10-02 14:44:37.386376 
PYPOWER-API;Recalculated power flow equations;2017-10-02 14:44:37.485500 
PYPOWER-API;Recalculated power flow equations;2017-10-02 14:44:37.589578 
PYPOWER-API;Recalculated power flow equations;2017-10-02 14:44:37.685151 
PYPOWER-API;Recalculated power flow equations;2017-10-02 14:44:37.785955 
PYPOWER-API;Recalculated power flow equations;2017-10-02 14:44:37.885249 
PYPOWER-API;Recalculated power flow equations;2017-10-02 14:44:37.986804 
PYPOWER-API;Recalculated power flow equations;2017-10-02 14:44:38.086635 
PYPOWER-API;Recalculated power flow equations;2017-10-02 14:44:38.188233 
PYPOWER-API;Recalculated power flow equations;2017-10-02 14:44:38.288006 
PYPOWER-API;Recalculated power flow equations;2017-10-02 14:44:38.383167 
PYPOWER-API;Recalculated power flow equations;2017-10-02 14:44:38.485639 
PYPOWER-API;Recalculated power flow equations;2017-10-02 14:44:38.584892 
PYPOWER-API;Recalculated power flow equations;2017-10-02 14:44:38.687772 
PYPOWER-API;Recalculated power flow equations;2017-10-02 14:44:38.788694 
PYPOWER-API;Recalculated power flow equations;2017-10-02 14:44:38.887519 
PYPOWER-API;Recalculated power flow equations;2017-10-02 14:44:38.986325 
PYPOWER-API;Recalculated power flow equations;2017-10-02 14:44:39.087220 
PYPOWER-API;Recalculated power flow equations;2017-10-02 14:44:39.187334 
PYPOWER-API;Recalculated power flow equations;2017-10-02 14:44:39.297743 
